{
  "vote_threshold_mm": 25.0,
  "width": 640,
  "height": 480,
  "fps": 20,
  "cameras": [
    {
      "name": "cam-0",
      "index": 0,
      "enabled": true,
      "homography": [
        [
          0.4046311817088059,
          -0.3383480009787131,
          -287.47495279182385
        ],
        [
          -0.2863927701843422,
          -0.47855473948758653,
          642.8929438783439
        ],
        [
          -1.5452762569683712e-06,
          0.00039862372861922883,
          0.9999999999999999
        ]
      ]
    },
    {
      "name": "cam-1",
      "index": 1,
      "enabled": true,
      "homography": [
        [
          -0.4774101284423738,
          0.2000796439220933,
          460.59272617510675
        ],
        [
          0.16948365853724243,
          0.5637371503956251,
          -551.991399408245
        ],
        [
          1.5079583811287217e-05,
          0.0004106178542172929,
          1.0
        ]
      ]
    },
    {
      "name": "cam-2",
      "index": 2,
      "enabled": true,
      "homography": [
        [
          -0.1297409070927943,
          0.5589766021176504,
          -183.8053002782791
        ],
        [
          0.47723830043054577,
          0.15340432856873784,
          -677.301888905291
        ],
        [
          2.8294146012605675e-06,
          0.0003800404147380996,
          1.0
        ]
      ]
    }
  ]
}