{
  "vote_threshold_mm": 300.0,
  "width": 800,
  "height": 600,
  "fps": 15,
  "cameras": [
    {
      "name": "cam-0",
      "index": 0,
      "enabled": true,
      "homography": [
        [
          0.5070533788225026,
          -0.42098351712789295,
          -284.9039670630073
        ],
        [
          -0.35852271713247674,
          -0.5988090937146525,
          634.9589155376508
        ],
        [
          -1.3574834537726966e-05,
          0.00046777194088434967,
          0.9999999999999999
        ]
      ]
    },
    {
      "name": "cam-2",
      "index": 1,
      "enabled": true,
      "homography": [
        [
          -0.47912899386807817,
          -0.3756060131124961,
          647.3339033997498
        ],
        [
          -0.36947720970947034,
          0.47382859512450737,
          113.53286594723652
        ],
        [
          3.45994542119666e-05,
          0.00010784382086776213,
          0.9999999999999999
        ]
      ]
    },
    {
      "name": "cam-2",
      "index": 2,
      "enabled": true,
      "homography": [
        [
          -0.49137588844007346,
          -0.3852426875072926,
          663.8663502071365
        ],
        [
          -0.3780625438975556,
          0.4861712096449226,
          109.55705229078485
        ],
        [
          0.0001056026416986875,
          3.268256996402517e-05,
          1
        ]
      ]
    }
  ]
}