{
  "vote_threshold_mm": 300.0,
  "width": 1920,
  "height": 1080,
  "fps": 15,
  "cameras": [
    {
      "name": "cam-2",
      "index": 0,
      "enabled": true,
      "homography": [
        [
          0.5038096855446743,
          -0.4214604378308498,
          -279.85448812195983
        ],
        [
          -0.3538637453055367,
          -0.5910107326387006,
          626.1712348461641
        ],
        [
          -1.0937572188309127e-06,
          0.0004386825986519693,
          1
        ]
      ]
    },
    {
      "name": "cam-2",
      "index": 1,
      "enabled": true,
      "homography": [
        [
          -0.5965745455374097,
          0.24704278202693253,
          453.9243839494272
        ],
        [
          0.21206639861213547,
          0.6991281444447994,
          -542.1771216400125
        ],
        [
          -7.083470088428566e-07,
          0.000489155448618774,
          1
        ]
      ]
    },
    {
      "name": "cam-2",
      "index": 2,
      "enabled": false,
      "homography": [
        [
          -0.16652412355203483,
          0.7122907649843008,
          -184.49228851443826
        ],
        [
          0.6043694849149918,
          0.19507753020521618,
          -675.4548128502727
        ],
        [
          -4.050337641263614e-06,
          0.0004787494968195262,
          1
        ]
      ]
    }
  ]
}