{
  "vote_threshold_mm": 300.0,
  "width": 800,
  "height": 600,
  "fps": 15,
  "cameras": [
    {
      "name": "cam-0",
      "index": 0,
      "enabled": true,
      "homography": [
        [
          0.508181815669088,
          -0.42381364336973426,
          -283.8863924600815
        ],
        [
          -0.36369156927929014,
          -0.5996291512513726,
          638.633490972525
        ],
        [
          -1.1658352741127155e-05,
          0.00048368307135005916,
          1
        ]
      ]
    },
    {
      "name": "cam-2",
      "index": 1,
      "enabled": true,
      "homography": [
        [
          -0.5952563669127318,
          0.24812246487924242,
          452.30930078963326
        ],
        [
          0.20996875652862187,
          0.70360873722966,
          -541.5158257936578
        ],
        [
          -8.920572819252129e-06,
          0.0005060094949858356,
          1
        ]
      ]
    },
    {
      "name": "cam-2",
      "index": 2,
      "enabled": true,
      "homography": [
        [
          -0.17079916381607751,
          0.725147671896651,
          -186.456329629625
        ],
        [
          0.6184603835842644,
          0.198514604001663,
          -689.8966598399369
        ],
        [
          9.033433376864368e-06,
          0.0004946668006720205,
          1
        ]
      ]
    }
  ]
}