{
  "vote_threshold_mm": 25.0,
  "width": 800,
  "height": 600,
  "fps": 15,
  "cameras": [
    {
      "name": "cam-0",
      "index": 0,
      "enabled": true,
      "homography": [
        [
          0.621288842240337,
          -0.5173780156419264,
          -291.84363311706664
        ],
        [
          -0.44048592343875975,
          -0.7400283672200272,
          653.1601135817542
        ],
        [
          1.8126992678117707e-05,
          0.0006093178773129256,
          1
        ]
      ]
    },
    {
      "name": "cam-1",
      "index": 1,
      "enabled": true,
      "homography": [
        [
          -0.4774101284423738,
          0.2000796439220933,
          460.59272617510675
        ],
        [
          0.16948365853724243,
          0.5637371503956251,
          -551.991399408245
        ],
        [
          1.5079583811287217e-05,
          0.0004106178542172929,
          1
        ]
      ]
    },
    {
      "name": "cam-2",
      "index": 2,
      "enabled": true,
      "homography": [
        [
          -0.1297409070927943,
          0.5589766021176504,
          -183.8053002782791
        ],
        [
          0.47723830043054577,
          0.15340432856873784,
          -677.301888905291
        ],
        [
          2.8294146012605675e-06,
          0.0003800404147380996,
          1
        ]
      ]
    }
  ]
}